{
  "IcoMoonType": "selection",
  "icons": [
    {
      "icon": {
        "paths": [
          "M576 64c0-35.2-28.8-64-64-64s-64 28.8-64 64v576h-64v128h64v192c0 35.2 28.8 64 64 64s64-28.8 64-64v-192h64v-128h-64v-576zM192 64c0-35.2-28.8-64-64-64s-64 28.8-64 64v320h-64v128h64v448c0 35.2 28.8 64 64 64s64-28.8 64-64v-448h64v-128h-64v-320zM1024 256h-64v-192c0-35.2-28.8-64-64-64s-64 28.8-64 64v192h-64v128h64v576c0 35.2 28.8 64 64 64s64-28.8 64-64v-576h64v-128z"
        ],
        "attrs": [
          {}
        ],
        "isMulticolor": false,
        "isMulticolor2": false,
        "tags": [
          "equalizer",
          "settings",
          "options"
        ],
        "grid": 16
      },
      "attrs": [
        {}
      ],
      "properties": {
        "order": 1,
        "id": 0,
        "name": "equalizer, settings, options",
        "prevSize": 32,
        "code": 59648
      },
      "setIdx": 0,
      "setId": 10,
      "iconIdx": 0
    },
    {
      "icon": {
        "paths": [
          "M128 256h768v86h-768v-86zM128 554v-84h768v84h-768zM128 768v-86h768v86h-768z"
        ],
        "attrs": [
          {}
        ],
        "isMulticolor": false,
        "isMulticolor2": false,
        "tags": [
          "menu"
        ],
        "grid": 24
      },
      "attrs": [
        {}
      ],
      "properties": {
        "order": 1,
        "id": 0,
        "name": "menu",
        "prevSize": 24,
        "code": 59650
      },
      "setIdx": 1,
      "setId": 9,
      "iconIdx": 0
    },
    {
      "icon": {
        "paths": [
          "M896 469.333h-768c-25.6 0-42.667 17.067-42.667 42.667s17.067 42.667 42.667 42.667h768c25.6 0 42.667-17.067 42.667-42.667s-17.067-42.667-42.667-42.667z",
          "M128 298.667h768c25.6 0 42.667-17.067 42.667-42.667s-17.067-42.667-42.667-42.667h-768c-25.6 0-42.667 17.067-42.667 42.667s17.067 42.667 42.667 42.667z",
          "M896 725.333h-768c-25.6 0-42.667 17.067-42.667 42.667s17.067 42.667 42.667 42.667h768c25.6 0 42.667-17.067 42.667-42.667s-17.067-42.667-42.667-42.667z"
        ],
        "attrs": [
          {},
          {},
          {}
        ],
        "isMulticolor": false,
        "isMulticolor2": false,
        "tags": [
          "menu"
        ],
        "grid": 24
      },
      "attrs": [
        {},
        {},
        {}
      ],
      "properties": {
        "order": 1,
        "id": 0,
        "name": "menu2",
        "prevSize": 24,
        "code": 59651
      },
      "setIdx": 2,
      "setId": 8,
      "iconIdx": 0
    },
    {
      "icon": {
        "paths": [
          "M950.857 859.429v-438.857c-12 13.714-25.143 26.286-39.429 37.714-81.714 62.857-164 126.857-243.429 193.143-42.857 36-96 80-155.429 80h-1.143c-59.429 0-112.571-44-155.429-80-79.429-66.286-161.714-130.286-243.429-193.143-14.286-11.429-27.429-24-39.429-37.714v438.857c0 9.714 8.571 18.286 18.286 18.286h841.143c9.714 0 18.286-8.571 18.286-18.286zM950.857 258.857c0-14.286 3.429-39.429-18.286-39.429h-841.143c-9.714 0-18.286 8.571-18.286 18.286 0 65.143 32.571 121.714 84 162.286 76.571 60 153.143 120.571 229.143 181.143 30.286 24.571 85.143 77.143 125.143 77.143h1.143c40 0 94.857-52.571 125.143-77.143 76-60.571 152.571-121.143 229.143-181.143 37.143-29.143 84-92.571 84-141.143zM1024 237.714v621.714c0 50.286-41.143 91.429-91.429 91.429h-841.143c-50.286 0-91.429-41.143-91.429-91.429v-621.714c0-50.286 41.143-91.429 91.429-91.429h841.143c50.286 0 91.429 41.143 91.429 91.429z"
        ],
        "width": 1024,
        "attrs": [],
        "isMulticolor": false,
        "isMulticolor2": false,
        "tags": [
          "envelope-o"
        ],
        "defaultCode": 61443,
        "grid": 14
      },
      "attrs": [],
      "properties": {
        "name": "envelope-o",
        "id": 7,
        "order": 18,
        "prevSize": 28,
        "code": 61443
      },
      "setIdx": 3,
      "setId": 7,
      "iconIdx": 7
    },
    {
      "icon": {
        "paths": [
          "M950.857 369.714c0 10.286-7.429 20-14.857 27.429l-207.429 202.286 49.143 285.714c0.571 4 0.571 7.429 0.571 11.429 0 14.857-6.857 28.571-23.429 28.571-8 0-16-2.857-22.857-6.857l-256.571-134.857-256.571 134.857c-7.429 4-14.857 6.857-22.857 6.857-16.571 0-24-13.714-24-28.571 0-4 0.571-7.429 1.143-11.429l49.143-285.714-208-202.286c-6.857-7.429-14.286-17.143-14.286-27.429 0-17.143 17.714-24 32-26.286l286.857-41.714 128.571-260c5.143-10.857 14.857-23.429 28-23.429s22.857 12.571 28 23.429l128.571 260 286.857 41.714c13.714 2.286 32 9.143 32 26.286z"
        ],
        "width": 950.8571428571428,
        "attrs": [],
        "isMulticolor": false,
        "isMulticolor2": false,
        "tags": [
          "star"
        ],
        "defaultCode": 61445,
        "grid": 14
      },
      "attrs": [],
      "properties": {
        "name": "star",
        "id": 9,
        "order": 10,
        "prevSize": 28,
        "code": 61445
      },
      "setIdx": 3,
      "setId": 7,
      "iconIdx": 9
    },
    {
      "icon": {
        "paths": [
          "M438.857 365.714c0-80.571-65.714-146.286-146.286-146.286s-146.286 65.714-146.286 146.286 65.714 146.286 146.286 146.286 146.286-65.714 146.286-146.286zM585.143 365.714c0 34.857-4 70.857-18.857 102.286l-208 442.286c-12 25.143-38.286 40.571-65.714 40.571s-53.714-15.429-65.143-40.571l-208.571-442.286c-14.857-31.429-18.857-67.429-18.857-102.286 0-161.714 130.857-292.571 292.571-292.571s292.571 130.857 292.571 292.571z"
        ],
        "width": 585.1428571428571,
        "attrs": [],
        "isMulticolor": false,
        "isMulticolor2": false,
        "tags": [
          "map-marker"
        ],
        "defaultCode": 61505,
        "grid": 14
      },
      "attrs": [],
      "properties": {
        "name": "map-marker",
        "id": 65,
        "order": 20,
        "prevSize": 28,
        "code": 61505
      },
      "setIdx": 3,
      "setId": 7,
      "iconIdx": 65
    },
    {
      "icon": {
        "paths": [
          "M925.714 233.143c-25.143 36.571-56.571 69.143-92.571 95.429 0.571 8 0.571 16 0.571 24 0 244-185.714 525.143-525.143 525.143-104.571 0-201.714-30.286-283.429-82.857 14.857 1.714 29.143 2.286 44.571 2.286 86.286 0 165.714-29.143 229.143-78.857-81.143-1.714-149.143-54.857-172.571-128 11.429 1.714 22.857 2.857 34.857 2.857 16.571 0 33.143-2.286 48.571-6.286-84.571-17.143-148-91.429-148-181.143v-2.286c24.571 13.714 53.143 22.286 83.429 23.429-49.714-33.143-82.286-89.714-82.286-153.714 0-34.286 9.143-65.714 25.143-93.143 90.857 112 227.429 185.143 380.571 193.143-2.857-13.714-4.571-28-4.571-42.286 0-101.714 82.286-184.571 184.571-184.571 53.143 0 101.143 22.286 134.857 58.286 41.714-8 81.714-23.429 117.143-44.571-13.714 42.857-42.857 78.857-81.143 101.714 37.143-4 73.143-14.286 106.286-28.571z"
        ],
        "width": 950.8571428571428,
        "attrs": [],
        "isMulticolor": false,
        "isMulticolor2": false,
        "tags": [
          "twitter"
        ],
        "defaultCode": 61593,
        "grid": 14
      },
      "attrs": [],
      "properties": {
        "name": "twitter",
        "id": 145,
        "order": 19,
        "prevSize": 28,
        "code": 61593
      },
      "setIdx": 3,
      "setId": 7,
      "iconIdx": 145
    },
    {
      "icon": {
        "paths": [
          "M548 6.857v150.857h-89.714c-70.286 0-83.429 33.714-83.429 82.286v108h167.429l-22.286 169.143h-145.143v433.714h-174.857v-433.714h-145.714v-169.143h145.714v-124.571c0-144.571 88.571-223.429 217.714-223.429 61.714 0 114.857 4.571 130.286 6.857z"
        ],
        "width": 602.2582857142856,
        "attrs": [],
        "isMulticolor": false,
        "isMulticolor2": false,
        "tags": [
          "facebook",
          "facebook-f"
        ],
        "defaultCode": 61594,
        "grid": 14
      },
      "attrs": [],
      "properties": {
        "name": "facebook, facebook-f",
        "id": 146,
        "order": 15,
        "prevSize": 28,
        "code": 61594
      },
      "setIdx": 3,
      "setId": 7,
      "iconIdx": 146
    },
    {
      "icon": {
        "paths": [
          "M438.857 73.143c242.286 0 438.857 196.571 438.857 438.857s-196.571 438.857-438.857 438.857-438.857-196.571-438.857-438.857 196.571-438.857 438.857-438.857zM595.429 370.857c-4.571 3.429-7.429 9.714-13.143 10.857 2.857-0.571 5.714-10.857 7.429-13.143 3.429-4 8-6.286 12.571-8.571 9.714-4 19.429-5.143 29.714-6.857 9.714-2.286 21.714-2.286 29.143 6.286-1.714-1.714 12-13.714 13.714-14.286 5.143-2.857 13.714-1.714 17.143-6.857 1.143-1.714 1.143-12.571 1.143-12.571-9.714 1.143-13.143-8-13.714-16 0 0.571-1.143 2.286-3.429 4.571 0.571-8.571-10.286-2.286-14.286-3.429-13.143-3.429-11.429-12.571-15.429-22.286-2.286-5.143-8.571-6.857-10.857-12-2.286-3.429-3.429-10.857-8.571-11.429-3.429-0.571-9.714 12-10.857 11.429-5.143-2.857-7.429 1.143-11.429 3.429-3.429 2.286-6.286 1.143-9.714 2.857 10.286-3.429-4.571-9.143-9.714-8 8-2.286 4-10.857-0.571-14.857h2.857c-1.143-5.143-17.143-9.714-22.286-13.143s-32.571-9.143-38.286-5.714c-6.857 4 1.714 15.429 1.714 21.143 0.571 6.857-6.857 8.571-6.857 14.286 0 9.714 18.286 8 13.714 21.143-2.857 8-13.714 9.714-18.286 16-4.571 5.714 0.571 16 5.143 20 4.571 3.429-8 9.143-9.714 10.286-9.714 4.571-17.143-9.714-19.429-18.286-1.714-6.286-2.286-13.714-9.143-17.143-3.429-1.143-14.286-2.857-16.571 0.571-3.429-8.571-15.429-12-23.429-14.857-11.429-4-21.143-4-33.143-2.286 4-0.571-1.143-18.286-10.857-15.429 2.857-5.714 1.714-12 2.857-17.714 1.143-4.571 3.429-9.143 6.857-13.143 1.143-2.286 13.714-15.429 9.714-16 9.714 1.143 20.571 1.714 28.571-6.286 5.143-5.143 7.429-13.714 12.571-19.429 7.429-8.571 16.571 2.286 24.571 2.857 11.429 0.571 10.857-12 4.571-17.714 7.429 0.571 1.143-13.143-2.857-14.857-5.143-1.714-24.571 3.429-14.286 7.429-2.286-1.143-16 27.429-24 13.143-2.286-2.857-3.429-14.857-8.571-15.429-4.571 0-7.429 5.143-9.143 8.571 2.857-7.429-16-12.571-20-13.143 8.571-5.714 1.714-12-4.571-15.429-4.571-2.857-18.857-5.143-22.857-0.571-10.857 13.143 11.429 14.857 17.143 18.286 1.714 1.143 8.571 5.143 4.571 8-3.429 1.714-13.714 4.571-14.857 6.857-3.429 5.143 4 10.857-1.143 16-5.143-5.143-5.143-13.714-9.143-19.429 5.143 6.286-20.571 2.857-20 2.857-8.571 0-22.286 5.714-28.571-2.857-1.143-2.286-1.143-15.429 2.286-12.571-5.143-4-8.571-8-12-10.286-18.857 6.286-36.571 14.286-53.714 23.429 2.286 0.571 4 0.571 6.857-0.571 4.571-1.714 8.571-4.571 13.143-6.857 5.714-2.286 17.714-9.143 24-4 0.571-1.143 2.286-2.286 2.857-2.857 4 4.571 8 9.143 11.429 14.286-4.571-2.286-12-1.143-17.143-0.571-4 1.143-10.857 2.286-12.571 6.857 1.714 2.857 4 7.429 2.857 10.286-7.429-5.143-13.143-13.714-23.429-14.857-4.571 0-9.143 0-12.571 0.571-54.857 30.286-101.143 74.286-134.286 126.857 2.286 2.286 4.571 4 6.857 4.571 5.714 1.714 0 18.286 10.857 9.714 3.429 2.857 4 6.857 1.714 10.857 0.571-0.571 23.429 14.286 25.143 15.429 4 3.429 10.286 7.429 12 12 1.143 4-2.286 8.571-5.714 10.286-0.571-1.143-9.143-9.714-10.286-7.429-1.714 2.857 0 18.286 6.286 17.714-9.143 0.571-5.143 36-7.429 42.857 0 0.571 1.143 0.571 1.143 0.571-1.714 6.857 4 33.714 15.429 30.857-7.429 1.714 13.143 28 16 29.714 7.429 5.143 16 8.571 21.143 16 5.714 8 5.714 20 13.714 26.286-2.286 6.857 12 14.857 11.429 24.571-1.143 0.571-1.714 0.571-2.857 1.143 2.857 8 13.714 8 17.714 15.429 2.286 4.571 0 15.429 7.429 13.143 1.143-12.571-7.429-25.143-13.714-35.429-3.429-5.714-6.857-10.857-9.714-16.571-2.857-5.143-3.429-11.429-5.714-17.143 2.286 0.571 14.857 5.143 13.714 6.857-4.571 11.429 18.286 31.429 24.571 38.857 1.714 1.714 14.857 18.857 8 18.857 7.429 0 17.714 11.429 21.143 17.143 5.143 8.571 4 19.429 7.429 28.571 3.429 11.429 19.429 16.571 28.571 21.714 8 4 14.857 9.714 22.857 12.571 12 4.571 14.857 0.571 25.143-1.143 14.857-2.286 16.571 14.286 28.571 20.571 7.429 4 23.429 9.714 31.429 6.286-3.429 1.143 12 24.571 13.143 26.286 5.143 6.857 14.857 10.286 20.571 17.143 1.714-1.143 3.429-2.857 4-5.143-2.286 6.286 8.571 18.286 14.286 17.143 6.286-1.143 8-13.714 8-18.286-11.429 5.714-21.714 1.143-28-10.286-1.143-2.857-10.286-18.857-2.286-18.857 10.857 0 3.429-8.571 2.286-16.571s-9.143-13.143-13.143-20c-3.429 6.857-14.857 5.143-18.286-0.571 0 1.714-1.714 4.571-1.714 6.857-2.857 0-5.714 0.571-8.571-0.571 1.143-6.857 1.714-15.429 3.429-22.857 2.857-10.286 21.714-30.286-2.857-29.143-8.571 0.571-12 4-14.857 11.429-2.857 6.857-1.714 13.143-9.714 16.571-5.143 2.286-22.286 1.143-27.429-1.714-10.857-6.286-18.286-26.286-18.286-37.714-0.571-15.429 7.429-29.143 0-43.429 3.429-2.857 6.857-8.571 10.857-11.429 3.429-2.286 7.429 1.714 9.143-5.143-1.714-1.143-4-3.429-4.571-3.429 8.571 4 24.571-5.714 32 0 4.571 3.429 9.714 4.571 12.571-1.143 0.571-1.714-4-8.571-1.714-13.143 1.714 9.714 8 11.429 16.571 5.143 3.429 3.429 12.571 2.286 18.857 5.714 6.286 4 7.429 10.286 14.857 1.714 4.571 6.857 5.143 6.857 6.857 13.714 1.714 6.286 5.143 22.286 10.857 25.143 12 7.429 9.143-12.571 8-19.429-0.571-0.571-0.571-19.429-1.143-19.429-18.286-4-11.429-18.286-1.143-28 1.714-1.143 14.857-5.714 20.571-10.286 5.143-4.571 11.429-12.571 8.571-20 2.857 0 5.143-2.286 6.286-5.143-1.714-0.571-8.571-6.286-9.714-5.714 4-2.286 3.429-5.714 1.143-9.143 5.714-3.429 2.857-9.714 8.571-12 6.286 8.571 18.857-1.143 12.571-8 5.714-8 18.857-4 22.286-11.429 8.571 2.286 2.286-8.571 6.857-14.857 4-5.143 10.857-5.143 16-8 0 0.571 14.286-8 9.714-8.571 9.714 1.143 29.143-9.143 14.286-17.714 2.286-5.143-5.143-7.429-10.286-8.571 4-1.143 9.143 1.143 12.571-1.143 7.429-5.143 2.286-7.429-4-9.143-8-2.286-18.286 2.857-24.571 6.857zM502.286 872c78.286-13.714 148-52.571 200.571-108-3.429-3.429-9.714-2.286-14.286-4.571-4.571-1.714-8-3.429-13.714-4.571 1.143-11.429-11.429-15.429-19.429-21.143-7.429-5.714-12-12-22.857-9.714-1.143 0.571-12.571 4.571-10.286 6.857-7.429-6.286-10.857-9.714-20.571-12.571-9.143-2.857-15.429-14.286-24.571-4-4.571 4.571-2.286 11.429-4.571 16-7.429-6.286 6.857-13.714 1.143-20.571-6.857-8-18.857 5.143-24.571 8.571-3.429 2.857-7.429 4-9.714 7.429-2.857 4-4 9.143-6.286 13.143-1.714-4.571-11.429-3.429-12-6.857 2.286 13.714 2.286 28 5.143 41.714 1.714 8 0 21.143-6.857 27.429s-15.429 13.143-16.571 22.857c-1.143 6.857 0.571 13.143 6.857 14.857 0.571 8.571-9.143 14.857-8.571 24 0 0.571 0.571 6.286 1.143 9.143z"
        ],
        "width": 877.7142857142857,
        "attrs": [],
        "isMulticolor": false,
        "isMulticolor2": false,
        "tags": [
          "globe"
        ],
        "defaultCode": 61612,
        "grid": 14
      },
      "attrs": [],
      "properties": {
        "name": "globe",
        "id": 163,
        "order": 21,
        "prevSize": 28,
        "code": 61612
      },
      "setIdx": 3,
      "setId": 7,
      "iconIdx": 163
    },
    {
      "icon": {
        "paths": [
          "M821.143 521.714c0 239.429-160.571 409.143-402.286 409.143-231.429 0-418.857-187.429-418.857-418.857s187.429-418.857 418.857-418.857c113.143 0 207.429 41.143 280.571 109.714l-113.714 109.143c-30.857-29.714-85.143-64.571-166.857-64.571-142.857 0-259.429 118.286-259.429 264.571s116.571 264.571 259.429 264.571c165.714 0 228-119.429 237.714-180.571h-237.714v-144h395.429c4 21.143 6.857 42.286 6.857 69.714zM1316.571 452v120h-119.429v119.429h-120v-119.429h-119.429v-120h119.429v-119.429h120v119.429h119.429z"
        ],
        "width": 1316.5714285714284,
        "attrs": [],
        "isMulticolor": false,
        "isMulticolor2": false,
        "tags": [
          "google-plus"
        ],
        "defaultCode": 61653,
        "grid": 14
      },
      "attrs": [],
      "properties": {
        "name": "google-plus",
        "id": 189,
        "order": 16,
        "prevSize": 28,
        "code": 61653
      },
      "setIdx": 3,
      "setId": 7,
      "iconIdx": 189
    },
    {
      "icon": {
        "paths": [
          "M265.143 804.571c0-25.143-20.571-45.714-45.714-45.714s-45.714 20.571-45.714 45.714 20.571 45.714 45.714 45.714 45.714-20.571 45.714-45.714zM384 713.143v-402.286c0-9.714-8.571-18.286-18.286-18.286h-292.571c-9.714 0-18.286 8.571-18.286 18.286v402.286c0 9.714 8.571 18.286 18.286 18.286h292.571c9.714 0 18.286-8.571 18.286-18.286zM274.286 228.571c0-5.143-4-9.143-9.143-9.143h-91.429c-5.143 0-9.143 4-9.143 9.143s4 9.143 9.143 9.143h91.429c5.143 0 9.143-4 9.143-9.143zM438.857 219.429v585.143c0 40-33.143 73.143-73.143 73.143h-292.571c-40 0-73.143-33.143-73.143-73.143v-585.143c0-40 33.143-73.143 73.143-73.143h292.571c40 0 73.143 33.143 73.143 73.143z"
        ],
        "width": 438.85714285714283,
        "attrs": [],
        "isMulticolor": false,
        "isMulticolor2": false,
        "tags": [
          "mobile",
          "mobile-phone"
        ],
        "defaultCode": 61707,
        "grid": 14
      },
      "attrs": [],
      "properties": {
        "name": "mobile, mobile-phone",
        "id": 240,
        "order": 22,
        "prevSize": 28,
        "code": 61707
      },
      "setIdx": 3,
      "setId": 7,
      "iconIdx": 240
    },
    {
      "icon": {
        "paths": [
          "M585.143 512c0-80.571-65.714-146.286-146.286-146.286s-146.286 65.714-146.286 146.286 65.714 146.286 146.286 146.286 146.286-65.714 146.286-146.286zM664 512c0 124.571-100.571 225.143-225.143 225.143s-225.143-100.571-225.143-225.143 100.571-225.143 225.143-225.143 225.143 100.571 225.143 225.143zM725.714 277.714c0 29.143-23.429 52.571-52.571 52.571s-52.571-23.429-52.571-52.571 23.429-52.571 52.571-52.571 52.571 23.429 52.571 52.571zM438.857 152c-64 0-201.143-5.143-258.857 17.714-20 8-34.857 17.714-50.286 33.143s-25.143 30.286-33.143 50.286c-22.857 57.714-17.714 194.857-17.714 258.857s-5.143 201.143 17.714 258.857c8 20 17.714 34.857 33.143 50.286s30.286 25.143 50.286 33.143c57.714 22.857 194.857 17.714 258.857 17.714s201.143 5.143 258.857-17.714c20-8 34.857-17.714 50.286-33.143s25.143-30.286 33.143-50.286c22.857-57.714 17.714-194.857 17.714-258.857s5.143-201.143-17.714-258.857c-8-20-17.714-34.857-33.143-50.286s-30.286-25.143-50.286-33.143c-57.714-22.857-194.857-17.714-258.857-17.714zM877.714 512c0 60.571 0.571 120.571-2.857 181.143-3.429 70.286-19.429 132.571-70.857 184s-113.714 67.429-184 70.857c-60.571 3.429-120.571 2.857-181.143 2.857s-120.571 0.571-181.143-2.857c-70.286-3.429-132.571-19.429-184-70.857s-67.429-113.714-70.857-184c-3.429-60.571-2.857-120.571-2.857-181.143s-0.571-120.571 2.857-181.143c3.429-70.286 19.429-132.571 70.857-184s113.714-67.429 184-70.857c60.571-3.429 120.571-2.857 181.143-2.857s120.571-0.571 181.143 2.857c70.286 3.429 132.571 19.429 184 70.857s67.429 113.714 70.857 184c3.429 60.571 2.857 120.571 2.857 181.143z"
        ],
        "width": 877.7142857142857,
        "attrs": [],
        "isMulticolor": false,
        "isMulticolor2": false,
        "tags": [
          "instagram"
        ],
        "defaultCode": 61805,
        "grid": 14
      },
      "attrs": [],
      "properties": {
        "name": "instagram",
        "id": 329,
        "order": 17,
        "prevSize": 28,
        "code": 61805
      },
      "setIdx": 3,
      "setId": 7,
      "iconIdx": 329
    },
    {
      "icon": {
        "paths": [
          "M796 694.286c-14.286 45.143-37.143 93.143-70.286 142.857-49.143 74.857-98.286 112-146.857 112-19.429 0-45.714-6.286-80-18.286-33.714-12.571-62.857-18.286-86.286-18.286-22.857 0-50.286 6.286-81.143 18.857-31.429 13.143-56.571 19.429-75.429 19.429-58.857 0-115.429-49.714-172-148-55.429-98.286-84-193.714-84-287.429 0-87.429 21.714-158.286 64.571-213.714 42.857-54.857 96.571-82.286 162.286-82.286 28 0 61.143 5.714 101.143 17.143 39.429 11.429 65.714 17.143 78.857 17.143 16.571 0 44-6.286 81.714-19.429 37.714-12.571 70.857-19.429 98.857-19.429 45.714 0 86.286 12.571 121.714 37.143 20 13.714 40 33.143 59.429 57.143-29.714 25.143-51.429 47.429-65.143 67.429-24.571 35.429-37.143 74.857-37.143 118.286 0 46.857 13.143 89.714 39.429 127.429s56.571 61.714 90.286 72zM581.143 24c0 23.429-5.714 49.714-16.571 77.714-11.429 28.571-29.143 54.857-53.143 78.857-20.571 20.571-41.143 34.286-61.714 41.143-13.143 4-32.571 7.429-59.429 9.714 1.143-56.571 16-105.714 44.571-146.857s76.571-69.143 142.857-84.571c1.143 5.143 2.286 9.143 2.857 12.571 0 4 0.571 7.429 0.571 11.429z"
        ],
        "width": 796.0137142857142,
        "attrs": [],
        "isMulticolor": false,
        "isMulticolor2": false,
        "tags": [
          "apple"
        ],
        "defaultCode": 61817,
        "grid": 14
      },
      "attrs": [],
      "properties": {
        "name": "apple2",
        "id": 340,
        "order": 24,
        "prevSize": 28,
        "code": 61817
      },
      "setIdx": 3,
      "setId": 7,
      "iconIdx": 340
    },
    {
      "icon": {
        "paths": [
          "M281.714 276c12.571 0 22.286-10.286 22.286-22.286s-9.714-22.286-22.286-22.286c-12 0-21.714 10.286-21.714 22.286s9.714 22.286 21.714 22.286zM522.857 276c12 0 21.714-10.286 21.714-22.286s-9.714-22.286-21.714-22.286c-12.571 0-22.286 10.286-22.286 22.286s9.714 22.286 22.286 22.286zM58.857 381.143c32 0 58.286 26.286 58.286 58.286v245.714c0 32.571-25.714 58.857-58.286 58.857s-58.857-26.286-58.857-58.857v-245.714c0-32 26.286-58.286 58.857-58.286zM664.571 392v380.571c0 34.857-28 62.857-62.286 62.857h-42.857v129.714c0 32.571-26.286 58.857-58.857 58.857s-58.857-26.286-58.857-58.857v-129.714h-78.857v129.714c0 32.571-26.286 58.857-58.857 58.857-32 0-58.286-26.286-58.286-58.857l-0.571-129.714h-42.286c-34.857 0-62.857-28-62.857-62.857v-380.571h524.571zM532 160.571c80 41.143 134.286 120 134.286 210.857h-528.571c0-90.857 54.286-169.714 134.857-210.857l-40.571-74.857c-2.286-4-1.143-9.143 2.857-11.429 4-1.714 9.143-0.571 11.429 3.429l41.143 75.429c34.857-15.429 73.714-24 114.857-24s80 8.571 114.857 24l41.143-75.429c2.286-4 7.429-5.143 11.429-3.429 4 2.286 5.143 7.429 2.857 11.429zM804.571 439.429v245.714c0 32.571-26.286 58.857-58.857 58.857-32 0-58.286-26.286-58.286-58.857v-245.714c0-32.571 26.286-58.286 58.286-58.286 32.571 0 58.857 25.714 58.857 58.286z"
        ],
        "width": 804.5714285714286,
        "attrs": [],
        "isMulticolor": false,
        "isMulticolor2": false,
        "tags": [
          "android"
        ],
        "defaultCode": 61819,
        "grid": 14
      },
      "attrs": [],
      "properties": {
        "name": "android",
        "id": 342,
        "order": 23,
        "prevSize": 28,
        "code": 61819
      },
      "setIdx": 3,
      "setId": 7,
      "iconIdx": 342
    },
    {
      "icon": {
        "paths": [
          "M548.571 0l548.571 219.429v73.143h-73.143c0 20-17.714 36.571-39.429 36.571h-872c-21.714 0-39.429-16.571-39.429-36.571h-73.143v-73.143zM146.286 365.714h146.286v438.857h73.143v-438.857h146.286v438.857h73.143v-438.857h146.286v438.857h73.143v-438.857h146.286v438.857h33.714c21.714 0 39.429 16.571 39.429 36.571v36.571h-950.857v-36.571c0-20 17.714-36.571 39.429-36.571h33.714v-438.857zM1057.714 914.286c21.714 0 39.429 16.571 39.429 36.571v73.143h-1097.143v-73.143c0-20 17.714-36.571 39.429-36.571h1018.286z"
        ],
        "width": 1097.142857142857,
        "attrs": [],
        "isMulticolor": false,
        "isMulticolor2": false,
        "tags": [
          "bank",
          "institution",
          "university"
        ],
        "defaultCode": 61852,
        "grid": 14
      },
      "attrs": [],
      "properties": {
        "name": "bank, institution, university",
        "id": 373,
        "order": 11,
        "prevSize": 28,
        "code": 61852
      },
      "setIdx": 3,
      "setId": 7,
      "iconIdx": 373
    },
    {
      "icon": {
        "paths": [
          "M804.571 73.143c0 211.429-101.143 364.571-213.143 438.857 112 74.286 213.143 227.429 213.143 438.857h54.857c10.286 0 18.286 8 18.286 18.286v36.571c0 10.286-8 18.286-18.286 18.286h-841.143c-10.286 0-18.286-8-18.286-18.286v-36.571c0-10.286 8-18.286 18.286-18.286h54.857c0-211.429 101.143-364.571 213.143-438.857-112-74.286-213.143-227.429-213.143-438.857h-54.857c-10.286 0-18.286-8-18.286-18.286v-36.571c0-10.286 8-18.286 18.286-18.286h841.143c10.286 0 18.286 8 18.286 18.286v36.571c0 10.286-8 18.286-18.286 18.286h-54.857zM499.429 477.714c115.429-43.429 232-196 232-404.571h-585.143c0 208.571 116.571 361.143 232 404.571 14.286 5.143 24 18.857 24 34.286s-9.714 29.143-24 34.286c-49.143 18.286-98.857 57.143-139.429 112h400c-40.571-54.857-90.286-93.714-139.429-112-14.286-5.143-24-18.857-24-34.286s9.714-29.143 24-34.286z"
        ],
        "width": 877.7142857142857,
        "attrs": [],
        "isMulticolor": false,
        "isMulticolor2": false,
        "tags": [
          "hourglass-3",
          "hourglass-end"
        ],
        "defaultCode": 62035,
        "grid": 14
      },
      "attrs": [],
      "properties": {
        "name": "hourglass-3, hourglass-end",
        "id": 542,
        "order": 9,
        "prevSize": 28,
        "code": 62035
      },
      "setIdx": 3,
      "setId": 7,
      "iconIdx": 542
    },
    {
      "icon": {
        "paths": [
          "M301.995 1004.8c-20.181-13.483-38.101-29.995-53.077-49.067-16.341-19.755-31.488-40.533-45.397-62.037-32.683-47.787-58.24-100.053-75.947-155.136-21.333-64.085-31.701-125.44-31.701-185.472 0-66.987 14.507-125.44 42.752-174.507 20.907-38.4 52.053-70.528 89.6-93.099 36.267-22.613 78.507-34.987 121.173-35.84 14.933 0 31.147 2.133 48.213 6.4 12.373 3.413 27.307 8.96 45.653 15.787 23.467 8.96 36.267 14.507 40.533 15.787 13.653 5.12 25.173 7.253 34.133 7.253 6.827 0 16.64-2.133 27.52-5.547 6.187-2.133 17.92-5.973 34.56-13.227 16.469-5.973 29.525-11.093 39.893-14.933 15.787-4.693 31.061-8.96 44.8-11.093 16.64-2.56 33.152-3.413 48.981-2.133 30.293 2.133 58.027 8.533 82.773 17.92 43.52 17.493 78.635 44.8 104.832 83.627-11.093 6.827-21.333 14.763-30.933 23.467-20.779 18.347-38.4 40.107-52.48 64.213-18.347 32.853-27.733 69.973-27.477 107.52 0.64 46.208 12.373 86.827 35.84 122.027 16.512 25.6 38.571 47.531 65.451 65.536 13.227 8.96 24.832 15.147 35.84 19.2-5.12 16-10.752 31.573-17.28 46.933-14.805 34.432-32.427 67.413-53.333 98.56-18.432 26.88-32.939 46.933-43.947 60.16-17.152 20.48-33.707 35.84-50.347 46.805-18.347 12.16-39.893 18.603-61.952 18.603-14.933 0.64-29.867-1.28-44.117-5.419-12.373-4.053-24.576-8.619-36.523-13.781-12.501-5.717-25.429-10.581-38.613-14.507-16.213-4.267-32.853-6.315-49.664-6.272-17.067 0-33.707 2.133-49.493 6.187-13.227 3.755-26.027 8.363-38.699 13.867-17.92 7.467-29.653 12.373-36.48 14.507-13.824 4.096-27.989 6.571-42.24 7.467-22.187 0-42.837-6.4-63.403-19.2zM594.432 217.173c-29.013 14.507-56.576 20.651-84.181 18.603-4.267-27.563 0-55.893 11.52-86.912 10.24-26.453 23.893-50.347 42.667-71.68 19.627-22.187 43.093-40.533 69.547-53.76 28.16-14.507 55.040-22.187 80.64-23.467 3.413 29.013 0 57.6-10.667 88.32-9.728 27.307-24.235 52.48-42.667 75.093-18.56 22.187-41.6 40.533-67.669 53.76z"
        ],
        "attrs": [
          {
            "fill": "rgb(153, 153, 153)"
          }
        ],
        "isMulticolor": false,
        "isMulticolor2": false,
        "tags": [
          "apple"
        ],
        "grid": 0
      },
      "attrs": [
        {
          "fill": "rgb(153, 153, 153)"
        }
      ],
      "properties": {
        "id": 19,
        "order": 12,
        "prevSize": 32,
        "code": 59649,
        "name": "apple"
      },
      "setIdx": 7,
      "setId": 2,
      "iconIdx": 18
    },
    {
      "icon": {
        "paths": [
          "M52.053 0c-1.28 3.968-2.56 7.893-2.56 13.141v991.104c0 9.259 2.603 14.507 7.851 19.755l487.040-515.968-492.331-508.032zM577.237 542.208l125.909 129.92-179.755 102.4s-228.48 129.877-354.475 202.197l408.32-434.517zM611.413 506.752l135.083 140.459c21.163-11.776 186.496-106.325 210.091-119.467 24.917-14.421 22.4-34.133 1.237-44.629-19.584-10.88-184.917-105.6-209.92-120.96l-136.491 144.597zM577.152 472.619l127.317-135.211-181.717-103.723s-296.235-169.472-394.795-226.048l449.195 464.981z"
        ],
        "attrs": [
          {
            "fill": "rgb(96, 125, 139)"
          }
        ],
        "isMulticolor": false,
        "isMulticolor2": false,
        "tags": [
          "googleplay"
        ],
        "grid": 0
      },
      "attrs": [
        {
          "fill": "rgb(96, 125, 139)"
        }
      ],
      "properties": {
        "id": 129,
        "order": 14,
        "prevSize": 32,
        "code": 59652,
        "name": "googleplay"
      },
      "setIdx": 7,
      "setId": 2,
      "iconIdx": 128
    }
  ],
  "height": 1024,
  "metadata": {
    "name": "texicab"
  },
  "preferences": {
    "showGlyphs": true,
    "showQuickUse": true,
    "showQuickUse2": true,
    "showSVGs": true,
    "fontPref": {
      "prefix": "tc-",
      "metadata": {
        "fontFamily": "texicab",
        "majorVersion": 1,
        "minorVersion": 0
      },
      "metrics": {
        "emSize": 1024,
        "baseline": 6.25,
        "whitespace": 50
      },
      "embed": false,
      "postfix": "",
      "showSelector": true,
      "selector": "class",
      "classSelector": ".tc",
      "showMetrics": false
    },
    "imagePref": {
      "prefix": "icon-",
      "png": true,
      "useClassSelector": true,
      "color": 0,
      "bgColor": 16777215,
      "classSelector": ".icon"
    },
    "historySize": 50,
    "showCodes": true,
    "gridSize": 16
  }
}